Workbook

Sheet 가정
A1: HoldemNow 24개월 매출 시뮬레이션 모델
A2: 파란색 셀 = 사용자 입력 (수정 가능) | 검정 = 계산 | 초록 = 다른 시트 참조
A4: ■ 매장(Pub) 가정
A5: 월간 신규 매장 등록 (M1-M6, 부산·경남 중심) | B5: 30 | C5: 개
A6: 월간 신규 매장 등록 (M7-M12, 수도권 확장) | B6: 60 | C6: 개
A7: 월간 신규 매장 등록 (M13-M24, 전국 확장) | B7: 80 | C7: 개
A8: 베이직 → 프리미엄 전환률 | B8: 0.3 | C8: %
A9: 프리미엄 → VIP 전환률 | B9: 0.1 | C9: %
A10: 월 매장 이탈률 | B10: 0.03 | C10: %
A11: 프리미엄 등급 월 요금 | B11: 99000 | C11: 원
A12: VIP 등급 월 요금 | B12: 299000 | C12: 원
A13: 유료 매장 당 평균 단발 광고 매출 (월) | B13: 50000 | C13: 원
A15: ■ 대회사(Tournament Organizer) 가정
A16: 분기당 신규 영업 성공 (M1-M6) | B16: 1 | C16: 곳
A17: 분기당 신규 영업 성공 (M7-M12) | B17: 2 | C17: 곳
A18: 분기당 신규 영업 성공 (M13-M24) | B18: 3 | C18: 곳
A19: 대회사 평균 정기 결제 (월) | B19: 500000 | C19: 원
A20: 대회사 분기 이탈률 | B20: 0.05 | C20: %
A21: 시리즈당 단발 광고 패키지 | B21: 1500000 | C21: 원
A22: 대회사당 연 시리즈 수 (평균) | B22: 2.5 | C22: 개
A24: ■ 사용자(Player) 가정
A25: 초기 MAU (M1) | B25: 1000 | C25: 명
A26: 월 MAU 성장률 (M1-M6) | B26: 0.5 | C26: %
A27: 월 MAU 성장률 (M7-M12) | B27: 0.25 | C27: %
A28: 월 MAU 성장률 (M13-M24) | B28: 0.15 | C28: %
A29: 사용자 프리미엄 전환률 | B29: 0.02 | C29: %
A30: 사용자 프리미엄 월 요금 | B30: 4900 | C30: 원
A31: 사용자 월 이탈률 | B31: 0.05 | C31: %

Sheet 매장 매출
A1: 매장(Pub) 매출 예측 - 24개월
A3: 구분 | B3: M1 | C3: M2 | D3: M3 | E3: M4 | F3: M5 | G3: M6 | H3: M7 | I3: M8 | J3: M9 | K3: M10 | L3: M11 | M3: M12 | N3: M13 | O3: M14 | P3: M15 | Q3: M16 | R3: M17 | S3: M18 | T3: M19 | U3: M20 | V3: M21 | W3: M22 | X3: M23 | Y3: M24
A4: 신규 등록 매장 | B4: =가정!$B$5 -> 30 | C4: =가정!$B$5 -> 30 | D4: =가정!$B$5 -> 30 | E4: =가정!$B$5 -> 30 | F4: =가정!$B$5 -> 30 | G4: =가정!$B$5 -> 30 | H4: =가정!$B$6 -> 60 | I4: =가정!$B$6 -> 60 | J4: =가정!$B$6 -> 60 | K4: =가정!$B$6 -> 60 | L4: =가정!$B$6 -> 60 | M4: =가정!$B$6 -> 60 | N4: =가정!$B$7 -> 80 | O4: =가정!$B$7 -> 80 | P4: =가정!$B$7 -> 80 | Q4: =가정!$B$7 -> 80 | R4: =가정!$B$7 -> 80 | S4: =가정!$B$7 -> 80 | T4: =가정!$B$7 -> 80 | U4: =가정!$B$7 -> 80 | ... Y4: =가정!$B$7 -> 80
A5: 누적 등록 매장 | B5: =B4 -> 30 | C5: =B5+C4 -> 60 | D5: =C5+D4 -> 90 | E5: =D5+E4 -> 120 | F5: =E5+F4 -> 150 | G5: =F5+G4 -> 180 | H5: =G5+H4 -> 240 | I5: =H5+I4 -> 300 | J5: =I5+J4 -> 360 | ... Y5: =X5+Y4 -> 1500
A6: 누적 이탈 매장 | B6: =0 -> 0 | C6: =B6+B7*가정!$B$10 -> 0.9 | D6: =C6+C7*가정!$B$10 -> 2.673 | E6: =D6+D7*가정!$B$10 -> 5.29281 | F6: =E6+E7*가정!$B$10 -> 8.7340257 | G6: =F6+F7*가정!$B$10 -> 12.972005 | H6: =G6+G7*가정!$B$10 -> 17.982845 | I6: =H6+H7*가정!$B$10 -> 24.643359 | J6: =I6+I7*가정!$B$10 -> 32.904059 | ... Y6: =X6+X7*가정!$B$10 -> 355.26339
A7: 활성 매장 수 | B7: =B5-B6 -> 30 | C7: =C5-C6 -> 59.1 | D7: =D5-D6 -> 87.327 | E7: =E5-E6 -> 114.70719 | F7: =F5-F6 -> 141.26597 | G7: =G5-G6 -> 167.028 | H7: =H5-H6 -> 222.01716 | I7: =I5-I6 -> 275.35664 | ... Y7: =Y5-Y6 -> 1144.7366
A9: 프리미엄 매장 수 | B9: =MAX(0,B7*가정!$B$8*(1-가정!$B$9)) -> 8.1 | C9: =MAX(0,C7*가정!$B$8*(1-가정!$B$9)) -> 15.957 | D9: =MAX(0,D7*가정!$B$8*(1-가정!$B$9)) -> 23.57829 | E9: =MAX(0,E7*가정!$B$8*(1-가정!$B$9)) -> 30.970941 | F9: =MAX(0,F7*가정!$B$8*(1-가정!$B$9)) -> 38.141813 | G9: =MAX(0,G7*가정!$B$8*(1-가정!$B$9)) -> 45.097559 | H9: =MAX(0,H7*가정!$B$8*(1-가정!$B$9)) -> 59.944632 | I9: =MAX(0,I7*가정!$B$8*(1-가정!$B$9)) -> 74.346293 | ... Y9: =MAX(0,Y7*가정!$B$8*(1-가정!$B$9)) -> 309.07888
A10: VIP 매장 수 | B10: =B7*가정!$B$8*가정!$B$9 -> 0.9 | C10: =C7*가정!$B$8*가정!$B$9 -> 1.773 | D10: =D7*가정!$B$8*가정!$B$9 -> 2.61981 | E10: =E7*가정!$B$8*가정!$B$9 -> 3.4412157 | F10: =F7*가정!$B$8*가정!$B$9 -> 4.2379792 | G10: =G7*가정!$B$8*가정!$B$9 -> 5.0108399 | H10: =H7*가정!$B$8*가정!$B$9 -> 6.6605147 | I10: =I7*가정!$B$8*가정!$B$9 -> 8.2606992 | ... Y10: =Y7*가정!$B$8*가정!$B$9 -> 34.342098
A11: 무료(베이직) 매장 | B11: =B7-B9-B10 -> 21 | C11: =C7-C9-C10 -> 41.37 | D11: =D7-D9-D10 -> 61.1289 | E11: =E7-E9-E10 -> 80.295033 | F11: =F7-F9-F10 -> 98.886182 | G11: =G7-G9-G10 -> 116.9196 | H11: =H7-H9-H10 -> 155.41201 | I11: =I7-I9-I10 -> 192.74965 | ... Y11: =Y7-Y9-Y10 -> 801.31563
A13: 프리미엄 정기 매출 | B13: =B9*가정!$B$11 -> 801900 | C13: =C9*가정!$B$11 -> 1579743 | D13: =D9*가정!$B$11 -> 2334250.7 | E13: =E9*가정!$B$11 -> 3066123.2 | F13: =F9*가정!$B$11 -> 3776039.5 | G13: =G9*가정!$B$11 -> 4464658.3 | H13: =H9*가정!$B$11 -> 5934518.6 | I13: =I9*가정!$B$11 -> 7360283 | ... Y13: =Y9*가정!$B$11 -> 30598810
A14: VIP 정기 매출 | B14: =B10*가정!$B$12 -> 269100 | C14: =C10*가정!$B$12 -> 530127 | D14: =D10*가정!$B$12 -> 783323.19 | E14: =E10*가정!$B$12 -> 1028923.5 | F14: =F10*가정!$B$12 -> 1267155.8 | G14: =G10*가정!$B$12 -> 1498241.1 | H14: =H10*가정!$B$12 -> 1991493.9 | I14: =I10*가정!$B$12 -> 2469949.1 | ... Y14: =Y10*가정!$B$12 -> 10268287
A15: 단발 광고 매출 | B15: =(B9+B10)*가정!$B$13 -> 450000 | C15: =(C9+C10)*가정!$B$13 -> 886500 | D15: =(D9+D10)*가정!$B$13 -> 1309905 | E15: =(E9+E10)*가정!$B$13 -> 1720607.9 | F15: =(F9+F10)*가정!$B$13 -> 2118989.6 | G15: =(G9+G10)*가정!$B$13 -> 2505419.9 | H15: =(H9+H10)*가정!$B$13 -> 3330257.3 | I15: =(I9+I10)*가정!$B$13 -> 4130349.6 | ... Y15: =(Y9+Y10)*가정!$B$13 -> 17171049
A16: 매장 총 월매출 | B16: =SUM(B13:B15) -> 1521000 | C16: =SUM(C13:C15) -> 2996370 | D16: =SUM(D13:D15) -> 4427478.9 | E16: =SUM(E13:E15) -> 5815654.5 | F16: =SUM(F13:F15) -> 7162184.9 | G16: =SUM(G13:G15) -> 8468319.4 | H16: =SUM(H13:H15) -> 11256270 | I16: =SUM(I13:I15) -> 13960582 | ... Y16: =SUM(Y13:Y15) -> 58038146

Sheet 대회사 매출
A1: 대회사(Tournament Organizer) 매출 예측 - 24개월
A3: 구분 | B3: M1 | C3: M2 | D3: M3 | E3: M4 | F3: M5 | G3: M6 | H3: M7 | I3: M8 | J3: M9 | K3: M10 | L3: M11 | M3: M12 | N3: M13 | O3: M14 | P3: M15 | Q3: M16 | R3: M17 | S3: M18 | T3: M19 | U3: M20 | V3: M21 | W3: M22 | X3: M23 | Y3: M24
A4: 월별 신규 대회사 (분기/3) | B4: =가정!$B$16/3 -> 0.33333333 | C4: =가정!$B$16/3 -> 0.33333333 | D4: =가정!$B$16/3 -> 0.33333333 | E4: =가정!$B$16/3 -> 0.33333333 | F4: =가정!$B$16/3 -> 0.33333333 | G4: =가정!$B$16/3 -> 0.33333333 | H4: =가정!$B$17/3 -> 0.66666667 | I4: =가정!$B$17/3 -> 0.66666667 | J4: =가정!$B$17/3 -> 0.66666667 | K4: =가정!$B$17/3 -> 0.66666667 | L4: =가정!$B$17/3 -> 0.66666667 | M4: =가정!$B$17/3 -> 0.66666667 | N4: =가정!$B$18/3 -> 1 | O4: =가정!$B$18/3 -> 1 | P4: =가정!$B$18/3 -> 1 | Q4: =가정!$B$18/3 -> 1 | R4: =가정!$B$18/3 -> 1 | S4: =가정!$B$18/3 -> 1 | T4: =가정!$B$18/3 -> 1 | U4: =가정!$B$18/3 -> 1 | ... Y4: =가정!$B$18/3 -> 1
A5: 누적 계약 대회사 | B5: =B4 -> 0.33333333 | C5: =B5+C4 -> 0.66666667 | D5: =C5+D4 -> 1 | E5: =D5+E4 -> 1.3333333 | F5: =E5+F4 -> 1.6666667 | G5: =F5+G4 -> 2 | H5: =G5+H4 -> 2.6666667 | I5: =H5+I4 -> 3.3333333 | J5: =I5+J4 -> 4 | ... Y5: =X5+Y4 -> 18
A6: 누적 이탈 | B6: =0 -> 0 | C6: =B6+B7*가정!$B$20/3 -> 0.0055555556 | D6: =C6+C7*가정!$B$20/3 -> 0.016574074 | E6: =D6+D7*가정!$B$20/3 -> 0.032964506 | F6: =E6+E7*가정!$B$20/3 -> 0.05463732 | G6: =F6+F7*가정!$B$20/3 -> 0.081504476 | H6: =G6+G7*가정!$B$20/3 -> 0.1134794 | I6: =H6+H7*가정!$B$20/3 -> 0.15603252 | J6: =I6+I7*가정!$B$20/3 -> 0.20898754 | ... Y6: =X6+X7*가정!$B$20/3 -> 2.4872804
A7: 활성 대회사 수 | B7: =B5-B6 -> 0.33333333 | C7: =C5-C6 -> 0.66111111 | D7: =D5-D6 -> 0.98342593 | E7: =E5-E6 -> 1.3003688 | F7: =F5-F6 -> 1.6120293 | G7: =G5-G6 -> 1.9184955 | H7: =H5-H6 -> 2.5531873 | I7: =I5-I6 -> 3.1773008 | ... Y7: =Y5-Y6 -> 15.51272
A9: 대회사 정기 매출 | B9: =B7*가정!$B$19 -> 166666.67 | C9: =C7*가정!$B$19 -> 330555.56 | D9: =D7*가정!$B$19 -> 491712.96 | E9: =E7*가정!$B$19 -> 650184.41 | F9: =F7*가정!$B$19 -> 806014.67 | G9: =G7*가정!$B$19 -> 959247.76 | H9: =H7*가정!$B$19 -> 1276593.6 | I9: =I7*가정!$B$19 -> 1588650.4 | ... Y9: =Y7*가정!$B$19 -> 7756359.8
A10: 시리즈 단발 광고 매출 | B10: =B7*가정!$B$22/12*가정!$B$21 -> 104166.67 | C10: =C7*가정!$B$22/12*가정!$B$21 -> 206597.22 | D10: =D7*가정!$B$22/12*가정!$B$21 -> 307320.6 | E10: =E7*가정!$B$22/12*가정!$B$21 -> 406365.26 | F10: =F7*가정!$B$22/12*가정!$B$21 -> 503759.17 | G10: =G7*가정!$B$22/12*가정!$B$21 -> 599529.85 | H10: =H7*가정!$B$22/12*가정!$B$21 -> 797871.02 | I10: =I7*가정!$B$22/12*가정!$B$21 -> 992906.5 | ... Y10: =Y7*가정!$B$22/12*가정!$B$21 -> 4847724.9
A11: 대회사 총 월매출 | B11: =SUM(B9:B10) -> 270833.33 | C11: =SUM(C9:C10) -> 537152.78 | D11: =SUM(D9:D10) -> 799033.56 | E11: =SUM(E9:E10) -> 1056549.7 | F11: =SUM(F9:F10) -> 1309773.8 | G11: =SUM(G9:G10) -> 1558777.6 | H11: =SUM(H9:H10) -> 2074464.7 | I11: =SUM(I9:I10) -> 2581556.9 | ... Y11: =SUM(Y9:Y10) -> 12604085

Sheet 사용자 매출
A1: 사용자(Player) 매출 예측 - 24개월
A3: 구분 | B3: M1 | C3: M2 | D3: M3 | E3: M4 | F3: M5 | G3: M6 | H3: M7 | I3: M8 | J3: M9 | K3: M10 | L3: M11 | M3: M12 | N3: M13 | O3: M14 | P3: M15 | Q3: M16 | R3: M17 | S3: M18 | T3: M19 | U3: M20 | V3: M21 | W3: M22 | X3: M23 | Y3: M24
A4: MAU (월간 활성 사용자) | B4: =가정!$B$25 -> 1000 | C4: =B4*(1+가정!$B$26) -> 1500 | D4: =C4*(1+가정!$B$26) -> 2250 | E4: =D4*(1+가정!$B$26) -> 3375 | F4: =E4*(1+가정!$B$26) -> 5062.5 | G4: =F4*(1+가정!$B$26) -> 7593.75 | H4: =G4*(1+가정!$B$27) -> 9492.1875 | I4: =H4*(1+가정!$B$27) -> 11865.234 | J4: =I4*(1+가정!$B$27) -> 14831.543 | K4: =J4*(1+가정!$B$27) -> 18539.429 | L4: =K4*(1+가정!$B$27) -> 23174.286 | M4: =L4*(1+가정!$B$27) -> 28967.857 | N4: =M4*(1+가정!$B$28) -> 33313.036 | O4: =N4*(1+가정!$B$28) -> 38309.991 | P4: =O4*(1+가정!$B$28) -> 44056.49 | Q4: =P4*(1+가정!$B$28) -> 50664.964 | R4: =Q4*(1+가정!$B$28) -> 58264.708 | S4: =R4*(1+가정!$B$28) -> 67004.414 | T4: =S4*(1+가정!$B$28) -> 77055.076 | U4: =T4*(1+가정!$B$28) -> 88613.338 | ... Y4: =X4*(1+가정!$B$28) -> 154985.28
A5: 프리미엄 사용자 | B5: =B4*가정!$B$29 -> 20 | C5: =C4*가정!$B$29 -> 30 | D5: =D4*가정!$B$29 -> 45 | E5: =E4*가정!$B$29 -> 67.5 | F5: =F4*가정!$B$29 -> 101.25 | G5: =G4*가정!$B$29 -> 151.875 | H5: =H4*가정!$B$29 -> 189.84375 | I5: =I4*가정!$B$29 -> 237.30469 | ... Y5: =Y4*가정!$B$29 -> 3099.7056
A6: 사용자 프리미엄 매출 | B6: =B5*가정!$B$30 -> 98000 | C6: =C5*가정!$B$30 -> 147000 | D6: =D5*가정!$B$30 -> 220500 | E6: =E5*가정!$B$30 -> 330750 | F6: =F5*가정!$B$30 -> 496125 | G6: =G5*가정!$B$30 -> 744187.5 | H6: =H5*가정!$B$30 -> 930234.38 | I6: =I5*가정!$B$30 -> 1162793 | ... Y6: =Y5*가정!$B$30 -> 15188558

Sheet 매출 요약
A1: 월별 총 매출 요약 (24개월)
A3: 매출 구분 | B3: M1 | C3: M2 | D3: M3 | E3: M4 | F3: M5 | G3: M6 | H3: M7 | I3: M8 | J3: M9 | K3: M10 | L3: M11 | M3: M12 | N3: M13 | O3: M14 | P3: M15 | Q3: M16 | R3: M17 | S3: M18 | T3: M19 | U3: M20 | V3: M21 | W3: M22 | X3: M23 | Y3: M24
A4: 매장 정기 매출 (프리미엄) | B4: ='매장 매출'!B13 -> 801900 | C4: ='매장 매출'!C13 -> 1579743 | D4: ='매장 매출'!D13 -> 2334250.7 | E4: ='매장 매출'!E13 -> 3066123.2 | F4: ='매장 매출'!F13 -> 3776039.5 | G4: ='매장 매출'!G13 -> 4464658.3 | H4: ='매장 매출'!H13 -> 5934518.6 | I4: ='매장 매출'!I13 -> 7360283 | ... Y4: ='매장 매출'!Y13 -> 30598810
A5: 매장 정기 매출 (VIP) | B5: ='매장 매출'!B14 -> 269100 | C5: ='매장 매출'!C14 -> 530127 | D5: ='매장 매출'!D14 -> 783323.19 | E5: ='매장 매출'!E14 -> 1028923.5 | F5: ='매장 매출'!F14 -> 1267155.8 | G5: ='매장 매출'!G14 -> 1498241.1 | H5: ='매장 매출'!H14 -> 1991493.9 | I5: ='매장 매출'!I14 -> 2469949.1 | ... Y5: ='매장 매출'!Y14 -> 10268287
A6: 매장 단발 광고 | B6: ='매장 매출'!B15 -> 450000 | C6: ='매장 매출'!C15 -> 886500 | D6: ='매장 매출'!D15 -> 1309905 | E6: ='매장 매출'!E15 -> 1720607.9 | F6: ='매장 매출'!F15 -> 2118989.6 | G6: ='매장 매출'!G15 -> 2505419.9 | H6: ='매장 매출'!H15 -> 3330257.3 | I6: ='매장 매출'!I15 -> 4130349.6 | ... Y6: ='매장 매출'!Y15 -> 17171049
A7: 대회사 정기 매출 | B7: ='대회사 매출'!B9 -> 166666.67 | C7: ='대회사 매출'!C9 -> 330555.56 | D7: ='대회사 매출'!D9 -> 491712.96 | E7: ='대회사 매출'!E9 -> 650184.41 | F7: ='대회사 매출'!F9 -> 806014.67 | G7: ='대회사 매출'!G9 -> 959247.76 | H7: ='대회사 매출'!H9 -> 1276593.6 | I7: ='대회사 매출'!I9 -> 1588650.4 | ... Y7: ='대회사 매출'!Y9 -> 7756359.8
A8: 대회사 단발 광고 | B8: ='대회사 매출'!B10 -> 104166.67 | C8: ='대회사 매출'!C10 -> 206597.22 | D8: ='대회사 매출'!D10 -> 307320.6 | E8: ='대회사 매출'!E10 -> 406365.26 | F8: ='대회사 매출'!F10 -> 503759.17 | G8: ='대회사 매출'!G10 -> 599529.85 | H8: ='대회사 매출'!H10 -> 797871.02 | I8: ='대회사 매출'!I10 -> 992906.5 | ... Y8: ='대회사 매출'!Y10 -> 4847724.9
A9: 사용자 프리미엄 | B9: ='사용자 매출'!B6 -> 98000 | C9: ='사용자 매출'!C6 -> 147000 | D9: ='사용자 매출'!D6 -> 220500 | E9: ='사용자 매출'!E6 -> 330750 | F9: ='사용자 매출'!F6 -> 496125 | G9: ='사용자 매출'!G6 -> 744187.5 | H9: ='사용자 매출'!H6 -> 930234.38 | I9: ='사용자 매출'!I6 -> 1162793 | ... Y9: ='사용자 매출'!Y6 -> 15188558
A10: 월 총 매출 | B10: =SUM(B4:B9) -> 1889833.3 | C10: =SUM(C4:C9) -> 3680522.8 | D10: =SUM(D4:D9) -> 5447012.5 | E10: =SUM(E4:E9) -> 7202954.2 | F10: =SUM(F4:F9) -> 8968083.7 | G10: =SUM(G4:G9) -> 10771284 | H10: =SUM(H4:H9) -> 14260969 | I10: =SUM(I4:I9) -> 17704932 | ... Y10: =SUM(Y4:Y9) -> 85830788
A12: 누적 매출 | B12: =B10 -> 1889833.3 | C12: =B12+C10 -> 5570356.1 | D12: =C12+D10 -> 11017369 | E12: =D12+E10 -> 18220323 | F12: =E12+F10 -> 27188407 | G12: =F12+G10 -> 37959691 | H12: =G12+H10 -> 52220660 | I12: =H12+I10 -> 69925591 | J12: =I12+J10 -> 91043044 | ... Y12: =X12+Y10 -> 8.9948325e+08
A15: ■ 연간 매출 요약
A17: Year 1 (M1-M12) 총 매출 | B17: =SUM(B10:M10) -> 1.7483503e+08
A18: Year 2 (M13-M24) 총 매출 | B18: =SUM(N10:Y10) -> 7.2464822e+08
A19: 24개월 총 매출 | B19: =SUM(B10:Y10) -> 8.9948325e+08

Sheet 시나리오 비교
A1: 3가지 시나리오 비교 (참조용)
A2: 아래 값들을 가정 시트에 입력하면 해당 시나리오 결과를 볼 수 있습니다
A4: 항목 | B4: 보수적 (A) | C4: 중간 (B) | D4: 낙관 (C) | E4: 단위
A5: 월 신규 매장 (M1-M6) | B5: 20 | C5: 30 | D5: 50 | E5: 개
A6: 월 신규 매장 (M7-M12) | B6: 40 | C6: 60 | D6: 100 | E6: 개
A7: 월 신규 매장 (M13-M24) | B7: 50 | C7: 80 | D7: 150 | E7: 개
A8: 프리미엄 전환률 | B8: 20% | C8: 30% | D8: 40% | E8: %
A9: VIP 업그레이드율 | B9: 5% | C9: 10% | D9: 15% | E9: %
A10: 월 매장 이탈률 | B10: 5% | C10: 3% | D10: 2% | E10: %
A11: 분기 신규 대회사 (M1-M6) | B11: 0 | C11: 1 | D11: 2 | E11: 곳
A12: 분기 신규 대회사 (M7-M12) | B12: 1 | C12: 2 | D12: 4 | E12: 곳
A13: 분기 신규 대회사 (M13-M24) | B13: 2 | C13: 3 | D13: 6 | E13: 곳
A14: 초기 MAU | B14: 500 | C14: 1000 | D14: 2000 | E14: 명
A15: 월 MAU 성장 (M1-M6) | B15: 30% | C15: 50% | D15: 80% | E15: %
A16: 사용자 프리미엄 전환률 | B16: 1% | C16: 2% | D16: 5% | E16: %
A18: ■ 예상 결과 (24개월 시점)
A20: Y1 (12개월) 총 매출 | B20: 약 ₩200M | C20: 약 ₩350M | D20: 약 ₩600M
A21: Y2 (24개월) 총 매출 | B21: 약 ₩600M | C21: 약 ₩1.2B | D21: 약 ₩2.4B
A22: 24개월차 월 매출 | B22: 약 ₩80M | C22: 약 ₩150M | D22: 약 ₩280M
A23: 활성 유료 매장 (24M) | B23: 약 200개 | C23: 약 500개 | D23: 약 1,000개
A24: 활성 대회사 (24M) | B24: 약 8곳 | C24: 약 20곳 | D24: 약 40곳
A25: MAU (24M) | B25: 약 80K | C25: 약 200K | D25: 약 500K

Sheet 민감도 분석
A1: 핵심 변수별 민감도 분석 (24개월차 월 매출 영향)
A3: 변수 1: 프리미엄 전환률 변화 → 24개월차 월 매출 변동
A5: 프리미엄 전환률 | B5: 활성 프리미엄 | C5: 활성 VIP | D5: 매장 정기 매출 | E5: 매장 단발 | F5: 예상 월 매출
A6: 0.15 | B6: 약 150개 | C6: 약 15개 | D6: ₩19,335,000 | E6: ₩8,250,000 | F6: ₩28~30M
A7: 0.2 | B7: 약 200개 | C7: 약 20개 | D7: ₩25,780,000 | E7: ₩11,000,000 | F7: ₩37~40M
A8: 0.3 | B8: 약 300개 | C8: 약 30개 | D8: ₩38,670,000 | E8: ₩16,500,000 | F8: ₩56~60M
A9: 0.4 | B9: 약 400개 | C9: 약 40개 | D9: ₩51,560,000 | E9: ₩22,000,000 | F9: ₩74~80M
A10: 0.5 | B10: 약 500개 | C10: 약 50개 | D10: ₩64,450,000 | E10: ₩27,500,000 | F10: ₩93~100M
A12: 해석: 프리미엄 전환률이 30% → 40% 상승하면 월 매출 약 35% 증가. 핵심 KPI.
A14: 변수 2: 활성 대회사 수 → 24개월차 월 매출 영향
A16: 활성 대회사 수 | B16: 정기 매출 | C16: 단발 광고 | D16: 대회사 총 매출 | E16: 전체 매출 기여도
A17: 3 | B17: ₩1,500,000 | C17: ₩937,500 | D17: ₩2,437,500 | E17: 약 5%
A18: 8 | B18: ₩4,000,000 | C18: ₩2,500,000 | D18: ₩6,500,000 | E18: 약 12%
A19: 15 | B19: ₩7,500,000 | C19: ₩4,687,500 | D19: ₩12,187,500 | E19: 약 18%
A20: 25 | B20: ₩12,500,000 | C20: ₩7,812,500 | D20: ₩20,312,500 | E20: 약 25%
A21: 40 | B21: ₩20,000,000 | C21: ₩12,500,000 | D21: ₩32,500,000 | E21: 약 32%
A23: 해석: 대회사 1곳 신규 계약 = 매장 4~5곳 신규 가입과 같은 매출 효과. 영업 ROI 매우 높음.
A25: 변수 3: 매장 이탈률 → 24개월 누적 매출 영향
A27: 월 이탈률 | B27: 24M 활성 매장 | C27: Y2 매장 매출 | D27: Y2 총 매출 영향 | E27: 비고
A28: 0.01 | B28: 약 1,400개 | C28: 높음 | D28: +15% | E28: 거의 이탈 없음 - 비현실적
A29: 0.02 | B29: 약 1,200개 | C29: 양호 | D29: +8% | E29: 우수한 락인
A30: 0.03 | B30: 약 1,000개 | C30: 기준 | D30: 기준 | E30: 본 모델 기본 가정
A31: 0.05 | B31: 약 700개 | C31: 낮음 | D31: -12% | E31: 주의 - 만족도 점검
A32: 0.08 | B32: 약 450개 | C32: 위험 | D32: -28% | E32: 위험 - 운영 재점검
A34: 해석: 이탈률 1%p 차이가 24개월 매출의 7~10%p 차이를 만든다. CS·운영 만족도가 핵심.
A37: ■ Unit Economics (LTV)
A39: 고객 유형 | B39: 평균 유지 (개월) | C39: 월 객단가 | D39: LTV | E39: 비고
A40: 유료 매장 (프리미엄) | B40: 18 | C40: 99000 | D40: =B40*C40 -> 1782000 | E40: 평균 유지
A41: 유료 매장 (VIP) | B41: 24 | C41: 299000 | D41: =B41*C41 -> 7176000 | E41: 장기 유지
A42: 대회사 | B42: 30 | C42: 500000 | D42: =B42*C42 -> 15000000 | E42: 매장 5곳 = 대회사 1곳
A43: 사용자 프리미엄 | B43: 12 | C43: 4900 | D43: =B43*C43 -> 58800 | E43: 소액·단발성
